{
  "Combat": {
    "open": true,
    "visible": true,
    "posX": 963,
    "posY": 253,
    "Aimbot": {
      "Settings": false
    },
    "AntiFireBall": {
      "Settings": false
    },
    "ArrowDodge": {
      "Settings": false
    },
    "AutoBow": {
      "Settings": false
    },
    "AutoClicker": {
      "Settings": false
    },
    "AutoLeaver": {
      "Settings": false
    },
    "AutoPot": {
      "Settings": false
    },
    "AutoPotion": {
      "Settings": false
    },
    "AutoSoup": {
      "Settings": false
    },
    "AutoWeapon": {
      "Settings": false
    },
    "BowAimbot": {
      "Settings": false
    },
    "Criticals": {
      "Settings": false
    },
    "FastBow": {
      "Settings": true
    },
    "FlyKing": {
      "Settings": false
    },
    "HitBox": {
      "Settings": false
    },
    "HytCrit": {
      "Settings": false
    },
    "KeepArmor": {
      "Settings": false
    },
    "KillAura": {
      "Settings": true
    },
    "NoFriends": {
      "Settings": true
    },
    "NoKillAura": {
      "Settings": false
    },
    "SuperKB": {
      "Settings": false
    },
    "SuperKnockback": {
      "Settings": false
    },
    "TNTBlock": {
      "Settings": false
    },
    "TeleportAura": {
      "Settings": false
    },
    "Velocity": {
      "Settings": false
    }
  },
  "Player": {
    "open": true,
    "visible": true,
    "posX": 1002,
    "posY": 1,
    "AntiCactus": {
      "Settings": false
    },
    "AntiObbyTrap": {
      "Settings": true
    },
    "AntiVoid": {
      "Settings": false
    },
    "AutoHeal": {
      "Settings": false
    },
    "AutoRespawn": {
      "Settings": false
    },
    "AutoTool": {
      "Settings": false
    },
    "Blink": {
      "Settings": false
    },
    "Eagle": {
      "Settings": false
    },
    "FastUse": {
      "Settings": false
    },
    "Gapple": {
      "Settings": false
    },
    "Heal": {
      "Settings": false
    },
    "InvManager": {
      "Settings": false
    },
    "NoFall": {
      "Settings": false
    },
    "PlayerHealthSend": {
      "Settings": false
    },
    "PlayerPosition": {
      "Settings": false
    },
    "PotionSaver": {
      "Settings": false
    },
    "Reach": {
      "Settings": false
    },
    "Regen": {
      "Settings": false
    }
  },
  "Movement": {
    "open": true,
    "visible": true,
    "posX": 688,
    "posY": 19,
    "AirJump": {
      "Settings": false
    },
    "AntiLagBack": {
      "Settings": false
    },
    "BowJump": {
      "Settings": false
    },
    "FastClimb": {
      "Settings": false
    },
    "FastFall": {
      "Settings": false
    },
    "FastStairs": {
      "Settings": false
    },
    "Fly": {
      "Settings": true
    },
    "Freeze": {
      "Settings": false
    },
    "GuiMove": {
      "Settings": false
    },
    "HighJump": {
      "Settings": false
    },
    "KeepSprint": {
      "Settings": false
    },
    "LiquidWalk": {
      "Settings": false
    },
    "LongJump": {
      "Settings": false
    },
    "NoJumpDelay": {
      "Settings": true
    },
    "NoSlowDown": {
      "Settings": false
    },
    "NoWeb": {
      "Settings": false
    },
    "Parkour": {
      "Settings": true
    },
    "ReverseStep": {
      "Settings": false
    },
    "SafeWalk": {
      "Settings": true
    },
    "SlimeJump": {
      "Settings": false
    },
    "Sneak": {
      "Settings": false
    },
    "Speed": {
      "Settings": false
    },
    "Sprint": {
      "Settings": false
    },
    "Step": {
      "Settings": false
    },
    "Strafe": {
      "Settings": false
    },
    "TargetStrafe": {
      "Settings": true
    },
    "VulcanHop": {
      "Settings": true
    },
    "WallClimb": {
      "Settings": false
    },
    "WaterSpeed": {
      "Settings": false
    }
  },
  "Render": {
    "open": true,
    "visible": true,
    "posX": 211,
    "posY": 51,
    "AntiBlind": {
      "Settings": false
    },
    "AsianHat": {
      "Settings": false
    },
    "BlockESP": {
      "Settings": false
    },
    "BlockOverlay": {
      "Settings": false
    },
    "Breadcrumbs": {
      "Settings": false
    },
    "CameraClip": {
      "Settings": false
    },
    "Cape": {
      "Settings": false
    },
    "Chams": {
      "Settings": false
    },
    "ClickGUI": {
      "Settings": false
    },
    "Crosshair": {
      "Settings": false
    },
    "DamageParticle": {
      "Settings": false
    },
    "ESP": {
      "Settings": false
    },
    "ESP2D": {
      "Settings": false
    },
    "EnchantEffect": {
      "Settings": false
    },
    "FreeCam": {
      "Settings": false
    },
    "Fullbright": {
      "Settings": false
    },
    "HUD": {
      "Settings": true
    },
    "HitEffect": {
      "Settings": false
    },
    "ItemESP": {
      "Settings": false
    },
    "ItemPhysics": {
      "Settings": false
    },
    "MotionRender": {
      "Settings": false
    },
    "NameTags": {
      "Settings": true
    },
    "NoAchievements": {
      "Settings": true
    },
    "NoFOV": {
      "Settings": false
    },
    "NoHurtCam": {
      "Settings": false
    },
    "NoRender": {
      "Settings": false
    },
    "OldHitting": {
      "Settings": false
    },
    "Pack": {
      "Settings": false
    },
    "PointerESP": {
      "Settings": false
    },
    "Projectiles": {
      "Settings": false
    },
    "Rotations": {
      "Settings": false
    },
    "Skeletal": {
      "Settings": false
    },
    "StorageESP": {
      "Settings": false
    },
    "TNTESP": {
      "Settings": false
    },
    "TargetMark": {
      "Settings": false
    },
    "Tracers": {
      "Settings": false
    },
    "TrueSight": {
      "Settings": false
    },
    "XRay": {
      "Settings": false
    }
  },
  "World": {
    "open": true,
    "visible": true,
    "posX": 437,
    "posY": 345,
    "Ambience": {
      "Settings": false
    },
    "AutoL": {
      "Settings": false
    },
    "BlockFly": {
      "Settings": false
    },
    "ChestAura": {
      "Settings": false
    },
    "ChestStealer": {
      "Settings": false
    },
    "FastBreak": {
      "Settings": false
    },
    "FastPlace": {
      "Settings": false
    },
    "Fucker": {
      "Settings": false
    },
    "Lightning": {
      "Settings": false
    },
    "MemoryFix": {
      "Settings": false
    },
    "NoSlowBreak": {
      "Settings": false
    },
    "Scaffold": {
      "Settings": false
    },
    "Timer": {
      "Settings": false
    }
  },
  "Misc": {
    "open": true,
    "visible": true,
    "posX": 554,
    "posY": 119,
    "AntiBan": {
      "Settings": false
    },
    "AntiBot": {
      "Settings": false
    },
    "AntiDesync": {
      "Settings": true
    },
    "AntiVanish": {
      "Settings": false
    },
    "AttackCrit": {
      "Settings": false
    },
    "AuthBypass": {
      "Settings": false
    },
    "AutoDisable": {
      "Settings": false
    },
    "AutoHypixel": {
      "Settings": false
    },
    "AutoKit": {
      "Settings": false
    },
    "AutoLogin": {
      "Settings": false
    },
    "AutoLose": {
      "Settings": false
    },
    "AutoPlay": {
      "Settings": false
    },
    "BanChecker": {
      "Settings": false
    },
    "Companion": {
      "Settings": false
    },
    "GetName": {
      "Settings": false
    },
    "MCF": {
      "Settings": false
    },
    "NameProtect": {
      "Settings": false
    },
    "NoInvClose": {
      "Settings": false
    },
    "NoRotateSet": {
      "Settings": false
    },
    "PackSpoofer": {
      "Settings": true
    },
    "Patcher": {
      "Settings": false
    },
    "Performance": {
      "Settings": false
    },
    "Reactive": {
      "Settings": false
    },
    "Spammer": {
      "Settings": false
    },
    "SpinBot": {
      "Settings": false
    },
    "Teams": {
      "Settings": false
    },
    "Title": {
      "Settings": true
    }
  },
  "Exploit": {
    "open": true,
    "visible": true,
    "posX": 704,
    "posY": 554,
    "AbortBreaking": {
      "Settings": false
    },
    "AntiHunger": {
      "Settings": false
    },
    "Clip": {
      "Settings": false
    },
    "ConsoleSpammer": {
      "Settings": false
    },
    "CustomDisabler": {
      "Settings": false
    },
    "Disabler": {
      "Settings": false
    },
    "FakeLag": {
      "Settings": false
    },
    "GhostHand": {
      "Settings": false
    },
    "ItemTeleport": {
      "Settings": false
    },
    "MultiActions": {
      "Settings": false
    },
    "PacketFixer": {
      "Settings": false
    },
    "Phase": {
      "Settings": false
    },
    "PingSpoof": {
      "Settings": false
    },
    "Plugins": {
      "Settings": false
    },
    "PortalMenu": {
      "Settings": false
    },
    "ServerCrasher": {
      "Settings": false
    },
    "Teleport": {
      "Settings": false
    },
    "VehicleOneHit": {
      "Settings": false
    }
  },
  "Color": {
    "open": true,
    "visible": true,
    "posX": 30,
    "posY": 452,
    "ColorMixer": {
      "Settings": false
    }
  },
  "Targets": {
    "open": true,
    "visible": true,
    "posX": 60,
    "posY": 177
  }
}
