[
  {
    "Type": "Scoreboard",
    "X": 4.0,
    "Y": 23.0,
    "Scale": 1.0,
    "HorizontalFacing": "Right",
    "VerticalFacing": "Middle",
    "Background-R": 0,
    "Background-G": 0,
    "Background-B": 0,
    "Background-Alpha": 83,
    "Rect": true,
    "Blur": true,
    "Blur-Strength": 14.268292,
    "Color": "Sky",
    "Red": 0,
    "Green": 111,
    "Blue": 255,
    "Alpha": 255,
    "Saturation": 0.9,
    "Brightness": 1.0,
    "Seconds": 2,
    "Delay": 50,
    "Shadow": true,
    "ChangeDomain": true,
    "ShowRedNumbers": false,
    "Font": {
      "fontName": "Minecraft Font",
      "fontSize": -1
    }
  },
  {
    "Type": "Armor",
    "X": 169.0,
    "Y": 260.0,
    "Scale": 1.0,
    "HorizontalFacing": "Middle",
    "VerticalFacing": "Down",
    "Alignment": "Horizontal"
  },
  {
    "Type": "SessionInfo",
    "X": 0.0,
    "Y": 238.0,
    "Scale": 1.0,
    "HorizontalFacing": "Left",
    "VerticalFacing": "Up",
    "UpRect-Color": "Fade",
    "UpRect-R": 255,
    "UpRect-G": 255,
    "UpRect-B": 255,
    "UpRect-Alpha": 255,
    "BackgroundRed": 0,
    "BackgroundGreen": 0,
    "BackgroundBlue": 0,
    "BackgroundAlpha": 0,
    "RectRed": 0,
    "RectGreen": 0,
    "RectBlue": 0,
    "RectAlpha": 0,
    "TextRed": 255,
    "TextGreen": 255,
    "TextBlue": 255,
    "Saturation": 0.9634146,
    "Brightness": 1.0,
    "Seconds": 1,
    "Distance": 0
  },
  {
    "Type": "EffectHUD",
    "X": -1.0,
    "Y": 130.0,
    "Scale": 1.0,
    "HorizontalFacing": "Left",
    "VerticalFacing": "Up"
  },
  {
    "Type": "Notifications",
    "X": -1.0,
    "Y": 121.0,
    "Scale": 1.0,
    "HorizontalFacing": "Right",
    "VerticalFacing": "Down",
    "BackGroundAlpha": 170
  },
  {
    "Type": "Target",
    "X": 314.0,
    "Y": 202.0,
    "Scale": 1.0,
    "HorizontalFacing": "Left",
    "VerticalFacing": "Up",
    "Style": "Flux",
    "FadeSpeed": 4.512195,
    "Chill-FontSpeed": 0.5,
    "Chill-Healthbar": true,
    "Chill-FadingAnim": true,
    "Blur": false,
    "Blur-Strength": 0.0,
    "TSlide-Animation": true,
    "DisplayWhenChat": true,
    "Rise-Shadow": true,
    "Rise-Shadow-Legacy": true,
    "Rise-Shadow-Head": true,
    "Rise-Shadow-Strength": 3,
    "Rise-Particle": true,
    "Rise-Particle-Fade": true,
    "Rise-Gradient-Amount": 4,
    "Rise-GradientDistance": 50,
    "Rise-ParticleSpeed": 0.05,
    "ParticleFadingSpeed": 0.05,
    "ParticleGenerateAmount": 10,
    "Rise-ParticleRange": 50.0,
    "MinParticleSize": 0.5,
    "MaxParticleSize": 2.5,
    "Exhi-Font": {
      "fontName": "SFUI Regular",
      "fontSize": 35
    },
    "Color": "Mixer",
    "Red": 252,
    "Green": 96,
    "Blue": 66,
    "Saturation": 1.0,
    "Brightness": 1.0,
    "Seconds": 2,
    "Background-Red": 0,
    "Background-Green": 0,
    "Background-Blue": 0,
    "Background-Alpha": 211,
    "Liquid-Border-Red": 0,
    "Liquid-Border-Green": 0,
    "Liquid-Border-Blue": 0,
    "Liquid-Border-Alpha": 0
  },
  {
    "Type": "Arraylist",
    "X": -1.0,
    "Y": -3.814697265625E-6,
    "Scale": 0.99999994,
    "HorizontalFacing": "Right",
    "VerticalFacing": "Up",
    "Color": "CRainbow",
    "Blur": true,
    "Blur-Strength": 30.0,
    "Red": 228,
    "Green": 233,
    "Blue": 225,
    "Alpha": 255,
    "Saturation": 0.5714286,
    "Brightness": 1.0,
    "Sky-Distance": 4,
    "CRainbow-Seconds": 9,
    "CRainbow-Distance": 6,
    "Mixer-Seconds": 1,
    "Mixer-Distance": 0,
    "LiquidSlowly-Distance": 1,
    "Fade-Distance": 100,
    "CustomRainbow-Distance": 42,
    "HorizontalAnimation": "Default",
    "VerticalAnimation": "Slide",
    "Animation-Speed": 1.0,
    "NameBreak": true,
    "Alphabetical-Order": false,
    "Tags": true,
    "TagsStyle": "[]",
    "ShadowText": true,
    "Background-R": 0,
    "Background-G": 0,
    "Background-B": 2,
    "Background-Alpha": 189,
    "Rect-Right": "Left",
    "Rect-Left": "None",
    "LowerCase": false,
    "Space": 0.0,
    "TextHeight": 10.420168,
    "TextY": 2.1794872,
    "TagsArrayColor": false,
    "Font": {
      "fontName": "Font",
      "fontSize": 30
    }
  }
]
