{
  "AbortBreaking": {
    "State": false,
    "KeyBind": 0,
    "Array": true,
    "AutoDisable": []
  },
  "Aimbot": {
    "State": false,
    "KeyBind": 45,
    "Array": true,
    "AutoDisable": []
  },
  "AirJump": {
    "State": false,
    "KeyBind": 0,
    "Array": true,
    "AutoDisable": []
  },
  "Ambience": {
    "State": false,
    "KeyBind": 0,
    "Array": false,
    "AutoDisable": []
  },
  "AntiBan": {
    "State": false,
    "KeyBind": 0,
    "Array": true,
    "AutoDisable": []
  },
  "AntiBlind": {
    "State": false,
    "KeyBind": 0,
    "Array": true,
    "AutoDisable": []
  },
  "AntiBot": {
    "State": false,
    "KeyBind": 0,
    "Array": false,
    "AutoDisable": []
  },
  "AntiCactus": {
    "State": false,
    "KeyBind": 0,
    "Array": true,
    "AutoDisable": []
  },
  "AntiDesync": {
    "State": false,
    "KeyBind": 0,
    "Array": true,
    "AutoDisable": []
  },
  "AntiFireBall": {
    "State": false,
    "KeyBind": 0,
    "Array": true,
    "AutoDisable": []
  },
  "AntiHunger": {
    "State": false,
    "KeyBind": 0,
    "Array": true,
    "AutoDisable": []
  },
  "AntiLagBack": {
    "State": false,
    "KeyBind": 0,
    "Array": true,
    "AutoDisable": []
  },
  "AntiObbyTrap": {
    "State": false,
    "KeyBind": 0,
    "Array": true,
    "AutoDisable": []
  },
  "AntiVanish": {
    "State": false,
    "KeyBind": 0,
    "Array": true,
    "AutoDisable": []
  },
  "AntiVoid": {
    "State": false,
    "KeyBind": 0,
    "Array": true,
    "AutoDisable": []
  },
  "ArrowDodge": {
    "State": false,
    "KeyBind": 0,
    "Array": true,
    "AutoDisable": []
  },
  "AsianHat": {
    "State": false,
    "KeyBind": 0,
    "Array": true,
    "AutoDisable": []
  },
  "AttackCrit": {
    "State": true,
    "KeyBind": 33,
    "Array": true,
    "AutoDisable": []
  },
  "AuthBypass": {
    "State": false,
    "KeyBind": 0,
    "Array": true,
    "AutoDisable": []
  },
  "AutoBow": {
    "State": false,
    "KeyBind": 0,
    "Array": true,
    "AutoDisable": []
  },
  "AutoClicker": {
    "State": false,
    "KeyBind": 0,
    "Array": true,
    "AutoDisable": []
  },
  "AutoDisable": {
    "State": false,
    "KeyBind": 0,
    "Array": false,
    "AutoDisable": []
  },
  "AutoHeal": {
    "State": false,
    "KeyBind": 0,
    "Array": true,
    "AutoDisable": []
  },
  "AutoHypixel": {
    "State": false,
    "KeyBind": 0,
    "Array": true,
    "AutoDisable": []
  },
  "AutoKit": {
    "State": false,
    "KeyBind": 0,
    "Array": true,
    "AutoDisable": []
  },
  "AutoL": {
    "State": false,
    "KeyBind": 0,
    "Array": true,
    "AutoDisable": []
  },
  "AutoLeaver": {
    "State": true,
    "KeyBind": 47,
    "Array": true,
    "AutoDisable": []
  },
  "AutoLogin": {
    "State": false,
    "KeyBind": 0,
    "Array": true,
    "AutoDisable": []
  },
  "AutoLose": {
    "State": true,
    "KeyBind": 0,
    "Array": true,
    "AutoDisable": []
  },
  "AutoPlay": {
    "State": false,
    "KeyBind": 0,
    "Array": true,
    "AutoDisable": []
  },
  "AutoPot": {
    "State": false,
    "KeyBind": 0,
    "Array": true,
    "AutoDisable": []
  },
  "AutoPotion": {
    "State": false,
    "KeyBind": 0,
    "Array": true,
    "AutoDisable": []
  },
  "AutoRespawn": {
    "State": false,
    "KeyBind": 0,
    "Array": true,
    "AutoDisable": []
  },
  "AutoSoup": {
    "State": false,
    "KeyBind": 0,
    "Array": true,
    "AutoDisable": []
  },
  "AutoTool": {
    "State": false,
    "KeyBind": 0,
    "Array": true,
    "AutoDisable": []
  },
  "AutoWeapon": {
    "State": true,
    "KeyBind": 0,
    "Array": false,
    "AutoDisable": []
  },
  "BanChecker": {
    "State": false,
    "KeyBind": 0,
    "Array": true,
    "AutoDisable": []
  },
  "Blink": {
    "State": false,
    "KeyBind": 0,
    "Array": true,
    "AutoDisable": []
  },
  "BlockESP": {
    "State": false,
    "KeyBind": 0,
    "Array": true,
    "AutoDisable": []
  },
  "BlockFly": {
    "State": false,
    "KeyBind": 0,
    "Array": true,
    "AutoDisable": []
  },
  "BlockOverlay": {
    "State": false,
    "KeyBind": 0,
    "Array": true,
    "AutoDisable": []
  },
  "BowAimbot": {
    "State": false,
    "KeyBind": 0,
    "Array": true,
    "AutoDisable": []
  },
  "BowJump": {
    "State": false,
    "KeyBind": 0,
    "Array": true,
    "AutoDisable": []
  },
  "Breadcrumbs": {
    "State": false,
    "KeyBind": 0,
    "Array": true,
    "AutoDisable": []
  },
  "CameraClip": {
    "State": false,
    "KeyBind": 0,
    "Array": false,
    "AutoDisable": []
  },
  "Cape": {
    "State": false,
    "KeyBind": 0,
    "Array": true,
    "AutoDisable": []
  },
  "Chams": {
    "State": false,
    "KeyBind": 0,
    "Array": true,
    "AutoDisable": []
  },
  "ChestAura": {
    "State": false,
    "KeyBind": 0,
    "Array": true,
    "AutoDisable": []
  },
  "ChestStealer": {
    "State": false,
    "KeyBind": 0,
    "Array": true,
    "AutoDisable": []
  },
  "ClickGUI": {
    "State": false,
    "KeyBind": 54,
    "Array": true,
    "AutoDisable": []
  },
  "Clip": {
    "State": false,
    "KeyBind": 0,
    "Array": true,
    "AutoDisable": []
  },
  "ColorMixer": {
    "State": false,
    "KeyBind": 0,
    "Array": true,
    "AutoDisable": []
  },
  "Companion": {
    "State": false,
    "KeyBind": 0,
    "Array": false,
    "AutoDisable": []
  },
  "ConsoleSpammer": {
    "State": false,
    "KeyBind": 0,
    "Array": true,
    "AutoDisable": []
  },
  "Criticals": {
    "State": false,
    "KeyBind": 0,
    "Array": true,
    "AutoDisable": []
  },
  "Crosshair": {
    "State": false,
    "KeyBind": 0,
    "Array": false,
    "AutoDisable": []
  },
  "CustomDisabler": {
    "State": false,
    "KeyBind": 0,
    "Array": true,
    "AutoDisable": []
  },
  "DamageParticle": {
    "State": true,
    "KeyBind": 0,
    "Array": false,
    "AutoDisable": []
  },
  "Disabler": {
    "State": false,
    "KeyBind": 0,
    "Array": true,
    "AutoDisable": []
  },
  "ESP": {
    "State": false,
    "KeyBind": 0,
    "Array": true,
    "AutoDisable": []
  },
  "ESP2D": {
    "State": false,
    "KeyBind": 0,
    "Array": false,
    "AutoDisable": []
  },
  "Eagle": {
    "State": false,
    "KeyBind": 0,
    "Array": true,
    "AutoDisable": []
  },
  "EnchantEffect": {
    "State": false,
    "KeyBind": 0,
    "Array": true,
    "AutoDisable": []
  },
  "FakeLag": {
    "State": false,
    "KeyBind": 0,
    "Array": true,
    "AutoDisable": []
  },
  "FastBow": {
    "State": false,
    "KeyBind": 0,
    "Array": true,
    "AutoDisable": []
  },
  "FastBreak": {
    "State": false,
    "KeyBind": 0,
    "Array": true,
    "AutoDisable": []
  },
  "FastClimb": {
    "State": false,
    "KeyBind": 0,
    "Array": true,
    "AutoDisable": []
  },
  "FastFall": {
    "State": false,
    "KeyBind": 0,
    "Array": true,
    "AutoDisable": []
  },
  "FastPlace": {
    "State": false,
    "KeyBind": 0,
    "Array": true,
    "AutoDisable": []
  },
  "FastStairs": {
    "State": false,
    "KeyBind": 0,
    "Array": true,
    "AutoDisable": []
  },
  "FastUse": {
    "State": false,
    "KeyBind": 0,
    "Array": true,
    "AutoDisable": []
  },
  "Fly": {
    "State": false,
    "KeyBind": 0,
    "Array": true,
    "AutoDisable": []
  },
  "FlyKing": {
    "State": true,
    "KeyBind": 38,
    "Array": true,
    "AutoDisable": []
  },
  "FreeCam": {
    "State": false,
    "KeyBind": 0,
    "Array": true,
    "AutoDisable": []
  },
  "Freeze": {
    "State": false,
    "KeyBind": 0,
    "Array": true,
    "AutoDisable": []
  },
  "Fucker": {
    "State": false,
    "KeyBind": 0,
    "Array": true,
    "AutoDisable": []
  },
  "Fullbright": {
    "State": false,
    "KeyBind": 0,
    "Array": true,
    "AutoDisable": []
  },
  "Gapple": {
    "State": true,
    "KeyBind": 0,
    "Array": true,
    "AutoDisable": []
  },
  "GetName": {
    "State": false,
    "KeyBind": 0,
    "Array": true,
    "AutoDisable": []
  },
  "GhostHand": {
    "State": false,
    "KeyBind": 0,
    "Array": true,
    "AutoDisable": []
  },
  "GuiMove": {
    "State": true,
    "KeyBind": 0,
    "Array": false,
    "AutoDisable": []
  },
  "HUD": {
    "State": true,
    "KeyBind": 0,
    "Array": false,
    "AutoDisable": []
  },
  "Heal": {
    "State": false,
    "KeyBind": 0,
    "Array": true,
    "AutoDisable": []
  },
  "HighJump": {
    "State": false,
    "KeyBind": 33,
    "Array": true,
    "AutoDisable": []
  },
  "HitBox": {
    "State": false,
    "KeyBind": 0,
    "Array": true,
    "AutoDisable": []
  },
  "HitEffect": {
    "State": false,
    "KeyBind": 0,
    "Array": true,
    "AutoDisable": []
  },
  "HytCrit": {
    "State": false,
    "KeyBind": 0,
    "Array": true,
    "AutoDisable": []
  },
  "InvManager": {
    "State": false,
    "KeyBind": 48,
    "Array": false,
    "AutoDisable": []
  },
  "ItemESP": {
    "State": false,
    "KeyBind": 0,
    "Array": true,
    "AutoDisable": []
  },
  "ItemPhysics": {
    "State": false,
    "KeyBind": 0,
    "Array": true,
    "AutoDisable": []
  },
  "ItemTeleport": {
    "State": false,
    "KeyBind": 0,
    "Array": true,
    "AutoDisable": []
  },
  "KeepArmor": {
    "State": false,
    "KeyBind": 34,
    "Array": true,
    "AutoDisable": []
  },
  "KeepSprint": {
    "State": false,
    "KeyBind": 0,
    "Array": false,
    "AutoDisable": []
  },
  "KillAura": {
    "State": false,
    "KeyBind": 19,
    "Array": true,
    "AutoDisable": []
  },
  "Lightning": {
    "State": false,
    "KeyBind": 0,
    "Array": true,
    "AutoDisable": []
  },
  "LiquidWalk": {
    "State": false,
    "KeyBind": 0,
    "Array": true,
    "AutoDisable": []
  },
  "LongJump": {
    "State": false,
    "KeyBind": 0,
    "Array": true,
    "AutoDisable": []
  },
  "MCF": {
    "State": false,
    "KeyBind": 0,
    "Array": true,
    "AutoDisable": []
  },
  "MemoryFix": {
    "State": false,
    "KeyBind": 0,
    "Array": false,
    "AutoDisable": []
  },
  "MotionRender": {
    "State": false,
    "KeyBind": 0,
    "Array": false,
    "AutoDisable": []
  },
  "MultiActions": {
    "State": false,
    "KeyBind": 0,
    "Array": true,
    "AutoDisable": []
  },
  "NameProtect": {
    "State": false,
    "KeyBind": 0,
    "Array": true,
    "AutoDisable": []
  },
  "NameTags": {
    "State": true,
    "KeyBind": 0,
    "Array": false,
    "AutoDisable": []
  },
  "NoAchievements": {
    "State": false,
    "KeyBind": 0,
    "Array": true,
    "AutoDisable": []
  },
  "NoFOV": {
    "State": false,
    "KeyBind": 0,
    "Array": true,
    "AutoDisable": []
  },
  "NoFall": {
    "State": false,
    "KeyBind": 0,
    "Array": true,
    "AutoDisable": []
  },
  "NoFriends": {
    "State": false,
    "KeyBind": 0,
    "Array": true,
    "AutoDisable": []
  },
  "NoHurtCam": {
    "State": false,
    "KeyBind": 0,
    "Array": true,
    "AutoDisable": []
  },
  "NoInvClose": {
    "State": false,
    "KeyBind": 0,
    "Array": true,
    "AutoDisable": []
  },
  "NoJumpDelay": {
    "State": false,
    "KeyBind": 0,
    "Array": false,
    "AutoDisable": []
  },
  "NoKillAura": {
    "State": true,
    "KeyBind": 0,
    "Array": true,
    "AutoDisable": []
  },
  "NoRender": {
    "State": false,
    "KeyBind": 0,
    "Array": true,
    "AutoDisable": []
  },
  "NoRotateSet": {
    "State": false,
    "KeyBind": 0,
    "Array": true,
    "AutoDisable": []
  },
  "NoSlowBreak": {
    "State": false,
    "KeyBind": 0,
    "Array": true,
    "AutoDisable": []
  },
  "NoSlowDown": {
    "State": true,
    "KeyBind": 0,
    "Array": true,
    "AutoDisable": []
  },
  "NoWeb": {
    "State": false,
    "KeyBind": 0,
    "Array": true,
    "AutoDisable": []
  },
  "OldHitting": {
    "State": true,
    "KeyBind": 0,
    "Array": false,
    "AutoDisable": []
  },
  "Pack": {
    "State": true,
    "KeyBind": 0,
    "Array": true,
    "AutoDisable": []
  },
  "PackSpoofer": {
    "State": false,
    "KeyBind": 0,
    "Array": true,
    "AutoDisable": []
  },
  "PacketFixer": {
    "State": false,
    "KeyBind": 0,
    "Array": true,
    "AutoDisable": []
  },
  "Parkour": {
    "State": false,
    "KeyBind": 0,
    "Array": true,
    "AutoDisable": []
  },
  "Patcher": {
    "State": false,
    "KeyBind": 0,
    "Array": true,
    "AutoDisable": []
  },
  "Performance": {
    "State": false,
    "KeyBind": 0,
    "Array": true,
    "AutoDisable": []
  },
  "Phase": {
    "State": false,
    "KeyBind": 0,
    "Array": true,
    "AutoDisable": []
  },
  "PingSpoof": {
    "State": false,
    "KeyBind": 0,
    "Array": true,
    "AutoDisable": []
  },
  "PlayerHealthSend": {
    "State": false,
    "KeyBind": 0,
    "Array": true,
    "AutoDisable": []
  },
  "PlayerPosition": {
    "State": false,
    "KeyBind": 0,
    "Array": true,
    "AutoDisable": []
  },
  "Plugins": {
    "State": false,
    "KeyBind": 0,
    "Array": true,
    "AutoDisable": []
  },
  "PointerESP": {
    "State": false,
    "KeyBind": 0,
    "Array": true,
    "AutoDisable": []
  },
  "PortalMenu": {
    "State": false,
    "KeyBind": 0,
    "Array": true,
    "AutoDisable": []
  },
  "PotionSaver": {
    "State": false,
    "KeyBind": 0,
    "Array": true,
    "AutoDisable": []
  },
  "Projectiles": {
    "State": true,
    "KeyBind": 0,
    "Array": false,
    "AutoDisable": []
  },
  "Reach": {
    "State": false,
    "KeyBind": 0,
    "Array": true,
    "AutoDisable": []
  },
  "Reactive": {
    "State": false,
    "KeyBind": 0,
    "Array": true,
    "AutoDisable": []
  },
  "Regen": {
    "State": false,
    "KeyBind": 0,
    "Array": true,
    "AutoDisable": []
  },
  "ReverseStep": {
    "State": false,
    "KeyBind": 0,
    "Array": true,
    "AutoDisable": []
  },
  "Rotations": {
    "State": false,
    "KeyBind": 0,
    "Array": true,
    "AutoDisable": []
  },
  "SafeWalk": {
    "State": false,
    "KeyBind": 0,
    "Array": true,
    "AutoDisable": []
  },
  "Scaffold": {
    "State": false,
    "KeyBind": 0,
    "Array": true,
    "AutoDisable": []
  },
  "ServerCrasher": {
    "State": false,
    "KeyBind": 0,
    "Array": true,
    "AutoDisable": []
  },
  "Skeletal": {
    "State": false,
    "KeyBind": 0,
    "Array": true,
    "AutoDisable": []
  },
  "SlimeJump": {
    "State": false,
    "KeyBind": 0,
    "Array": true,
    "AutoDisable": []
  },
  "Sneak": {
    "State": false,
    "KeyBind": 0,
    "Array": true,
    "AutoDisable": []
  },
  "Spammer": {
    "State": false,
    "KeyBind": 0,
    "Array": false,
    "AutoDisable": []
  },
  "Speed": {
    "State": false,
    "KeyBind": 0,
    "Array": true,
    "AutoDisable": []
  },
  "SpinBot": {
    "State": false,
    "KeyBind": 0,
    "Array": true,
    "AutoDisable": []
  },
  "Sprint": {
    "State": true,
    "KeyBind": 0,
    "Array": false,
    "AutoDisable": []
  },
  "Step": {
    "State": false,
    "KeyBind": 0,
    "Array": true,
    "AutoDisable": []
  },
  "StorageESP": {
    "State": false,
    "KeyBind": 0,
    "Array": true,
    "AutoDisable": []
  },
  "Strafe": {
    "State": false,
    "KeyBind": 0,
    "Array": true,
    "AutoDisable": []
  },
  "SuperKB": {
    "State": false,
    "KeyBind": 0,
    "Array": true,
    "AutoDisable": []
  },
  "SuperKnockback": {
    "State": false,
    "KeyBind": 0,
    "Array": true,
    "AutoDisable": []
  },
  "TNTBlock": {
    "State": false,
    "KeyBind": 0,
    "Array": true,
    "AutoDisable": []
  },
  "TNTESP": {
    "State": false,
    "KeyBind": 0,
    "Array": true,
    "AutoDisable": []
  },
  "TargetMark": {
    "State": false,
    "KeyBind": 0,
    "Array": true,
    "AutoDisable": []
  },
  "TargetStrafe": {
    "State": false,
    "KeyBind": 0,
    "Array": true,
    "AutoDisable": []
  },
  "Teams": {
    "State": false,
    "KeyBind": 0,
    "Array": true,
    "AutoDisable": []
  },
  "Teleport": {
    "State": false,
    "KeyBind": 0,
    "Array": true,
    "AutoDisable": []
  },
  "TeleportAura": {
    "State": false,
    "KeyBind": 0,
    "Array": true,
    "AutoDisable": []
  },
  "Timer": {
    "State": false,
    "KeyBind": 0,
    "Array": true,
    "AutoDisable": []
  },
  "Title": {
    "State": true,
    "KeyBind": 0,
    "Array": false,
    "AutoDisable": []
  },
  "Tracers": {
    "State": false,
    "KeyBind": 0,
    "Array": true,
    "AutoDisable": []
  },
  "TrueSight": {
    "State": false,
    "KeyBind": 0,
    "Array": true,
    "AutoDisable": []
  },
  "VehicleOneHit": {
    "State": false,
    "KeyBind": 0,
    "Array": true,
    "AutoDisable": []
  },
  "Velocity": {
    "State": false,
    "KeyBind": 19,
    "Array": true,
    "AutoDisable": []
  },
  "VulcanHop": {
    "State": false,
    "KeyBind": 0,
    "Array": true,
    "AutoDisable": []
  },
  "WallClimb": {
    "State": false,
    "KeyBind": 0,
    "Array": true,
    "AutoDisable": []
  },
  "WaterSpeed": {
    "State": false,
    "KeyBind": 0,
    "Array": true,
    "AutoDisable": []
  },
  "XRay": {
    "State": false,
    "KeyBind": 0,
    "Array": true,
    "AutoDisable": []
  }
}
